{
  "support_data": {
    "exe_directory": "",
    "log_directory": "C:\\Users\\byteframe\\AppData\\LocalLow\\Stress Level Zero\\BONELAB\\Logs",
    "log_filename": "BONELAB-support-2023-07-20T16_09_58.json",
    "log_path": "C:\\Users\\byteframe\\AppData\\LocalLow\\Stress Level Zero\\BONELAB\\Logs\\BONELAB-support-2023-07-20T16_09_58.json",
    "system_info": {
      "essentials": {
        "device_model": "A520I AC (Gigabyte Technology Co., Ltd.)",
        "device_type": 3,
        "operating_system": "Windows 10  (10.0.19044) 64bit",
        "operating_system_family": 2,
        "realtime_since_startup": 0.2084655,
        "processor_type": "AMD Ryzen 5 5600X 6-Core Processor ",
        "processor_frequency": 3693,
        "processor_count": 12,
        "graphics_device_vendor": "NVIDIA",
        "graphics_device_name": "NVIDIA GeForce RTX 3060 Ti",
        "graphics_device_vendor_id": 4318,
        "graphics_device_id": 9353,
        "graphics_device_type": 2,
        "graphics_device_version": "Direct3D 11.0 [level 11.1]"
      },
      "memory": {
        "get_total_allocated_memory_long_mb": 445,
        "get_total_reserved_memory_long_mb": 553,
        "get_total_unused_reserved_memory_long_mb": 108,
        "system_memory_size_mb": 65463,
        "get_total_memory_mb": 3,
        "graphics_memory_size_mb": 8038
      },
      "etc": {
        "battery_level": -1.0,
        "battery_status": 1,
        "copy_texture_support": 31,
        "graphics_multi_threaded": false,
        "graphics_shader_level": 50,
        "graphics_uv_starts_at_top": true,
        "has_dynamic_uniform_array_indexing_in_fragment_shaders": true,
        "has_hidden_surface_removal_on_gpu": false,
        "has_mip_max_level": true,
        "max_compute_buffer_inputs_compute": 32,
        "max_compute_buffer_inputs_domain": 128,
        "max_compute_buffer_inputs_fragment": 128,
        "max_compute_buffer_inputs_geometry": 128,
        "max_compute_buffer_inputs_hull": 128,
        "max_compute_buffer_inputs_vertex": 128,
        "max_compute_work_group_size": 1024,
        "max_compute_work_group_size_x": 1024,
        "max_compute_work_group_size_y": 1024,
        "max_compute_work_group_size_z": 64,
        "max_cubemap_size": 16384,
        "max_texture_size": 16384,
        "min_constant_buffer_offset_alignment": false,
        "npot_support": 2,
        "rendering_threading_mode": 3,
        "supported_random_write_target_count": 8,
        "supported_render_target_count": 8,
        "uses_load_store_actions": false,
        "uses_reversed_z_buffer": true
      },
      "supports": {
        "supports2_d_array_textures": true,
        "supports32bits_index_buffer": true,
        "supports3_d_render_textures": true,
        "supports3_d_textures": true,
        "supports_accelerometer": false,
        "supports_async_compute": false,
        "supports_async_gpu_readback": true,
        "supports_audio": true,
        "supports_compute_shaders": true,
        "supports_cubemap_array_textures": true,
        "supports_geometry_shaders": true,
        "supports_graphics_fence": true,
        "supports_gyroscope": false,
        "supports_hardware_quad_topology": false,
        "supports_instancing": true,
        "supports_mip_streaming": true,
        "supports_motion_vectors": true,
        "supports_multisample_auto_resolve": false,
        "supports_multisampled_textures": 1,
        "supports_raw_shadow_depth_sampling": true,
        "supports_ray_tracing": false,
        "supports_separated_render_targets_blend": true,
        "supports_set_constant_buffer": true,
        "supports_shadows": true,
        "supports_sparse_textures": true,
        "supports_store_and_resolve_action": true,
        "supports_tessellation_shaders": true,
        "supports_texture_wrap_mirror_once": 1,
        "supports_vibration": false
      }
    },
    "execution_state": {
      "assemblies": [
        "mscorlib, Version=4.0.0.0, Culture=neutral, PublicKeyToken=b77a5c561934e089",
        "UnityEngine.CoreModule, Version=0.0.0.0, Culture=neutral, PublicKeyToken=null",
        "UnityEngine.AudioModule, Version=0.0.0.0, Culture=neutral, PublicKeyToken=null",
        "UnityEngine.PhysicsModule, Version=0.0.0.0, Culture=neutral, PublicKeyToken=null",
        "SLZ.Marrow.SDK, Version=0.0.0.0, Culture=neutral, PublicKeyToken=null",
        "Unity.ML-Agents, Version=0.0.0.0, Culture=neutral, PublicKeyToken=null",
        "Unity.Barracuda, Version=3.0.0.0, Culture=neutral, PublicKeyToken=null",
        "UniTask, Version=0.0.0.0, Culture=neutral, PublicKeyToken=null",
        "Unity.TextMeshPro, Version=0.0.0.0, Culture=neutral, PublicKeyToken=null",
        "UnityEngine.UI, Version=1.0.0.0, Culture=neutral, PublicKeyToken=null",
        "UnityEngine.VehiclesModule, Version=0.0.0.0, Culture=neutral, PublicKeyToken=null",
        "NavMeshComponents, Version=0.0.0.0, Culture=neutral, PublicKeyToken=null",
        "RayFireAssembly, Version=0.0.0.0, Culture=neutral, PublicKeyToken=null",
        "UnityEngine.UIModule, Version=0.0.0.0, Culture=neutral, PublicKeyToken=null",
        "UnityEngine.IMGUIModule, Version=0.0.0.0, Culture=neutral, PublicKeyToken=null",
        "UnityEngine.TerrainModule, Version=0.0.0.0, Culture=neutral, PublicKeyToken=null",
        "SLZ.Marrow, Version=0.0.0.0, Culture=neutral, PublicKeyToken=null",
        "UnityEngine.ParticleSystemModule, Version=0.0.0.0, Culture=neutral, PublicKeyToken=null",
        "UnityEngine.AIModule, Version=0.0.0.0, Culture=neutral, PublicKeyToken=null",
        "UnityEngine.AnimationModule, Version=0.0.0.0, Culture=neutral, PublicKeyToken=null",
        "ch.sycoforge.Decal, Version=2021.4.0.0, Culture=neutral, PublicKeyToken=null",
        "System, Version=4.0.0.0, Culture=neutral, PublicKeyToken=7cec85d7bea7798e",
        "System.Core, Version=4.0.0.0, Culture=neutral, PublicKeyToken=7cec85d7bea7798e",
        "UnityEngine.VRModule, Version=0.0.0.0, Culture=neutral, PublicKeyToken=null",
        "Unity.RenderPipelines.Universal.Runtime, Version=0.0.0.0, Culture=neutral, PublicKeyToken=null",
        "Unity.RenderPipelines.Core.Runtime, Version=0.0.0.0, Culture=neutral, PublicKeyToken=null",
        "websocket-sharp, Version=1.0.2.27113, Culture=neutral, PublicKeyToken=5660b08a1845a91e",
        "System.IO.Compression, Version=4.0.0.0, Culture=neutral, PublicKeyToken=b77a5c561934e089",
        "Newtonsoft.Json, Version=13.0.0.0, Culture=neutral, PublicKeyToken=30ad4fe6b2a6aeed",
        "UniTask.Linq, Version=0.0.0.0, Culture=neutral, PublicKeyToken=null",
        "System.Xml, Version=4.0.0.0, Culture=neutral, PublicKeyToken=7cec85d7bea7798e",
        "UnityEngine.UnityWebRequestModule, Version=0.0.0.0, Culture=neutral, PublicKeyToken=null",
        "UnityEngine.InputLegacyModule, Version=0.0.0.0, Culture=neutral, PublicKeyToken=null",
        "SLZ.Serialize, Version=1.0.0.0, Culture=neutral, PublicKeyToken=null",
        "Unity.RenderPipelines.Universal.StressLevelZero.VRS, Version=0.0.0.0, Culture=neutral, PublicKeyToken=null",
        "HBAO.Universal.Runtime, Version=0.0.0.0, Culture=neutral, PublicKeyToken=null",
        "Unity.Animation.Rigging, Version=0.0.0.0, Culture=neutral, PublicKeyToken=null",
        "UnityEngine.DirectorModule, Version=0.0.0.0, Culture=neutral, PublicKeyToken=null",
        "Oculus.Platform, Version=0.0.0.0, Culture=neutral, PublicKeyToken=null",
        "Oculus.VR, Version=0.0.0.0, Culture=neutral, PublicKeyToken=null",
        "UnityEngine.VideoModule, Version=0.0.0.0, Culture=neutral, PublicKeyToken=null",
        "Unity.Timeline, Version=1.0.0.0, Culture=neutral, PublicKeyToken=null",
        "MeshBakerCore, Version=0.0.0.0, Culture=neutral, PublicKeyToken=null",
        "Unity.Splines, Version=0.0.0.0, Culture=neutral, PublicKeyToken=null",
        "UnityEngine.ClothModule, Version=0.0.0.0, Culture=neutral, PublicKeyToken=null",
        "UnityEngine.WindModule, Version=0.0.0.0, Culture=neutral, PublicKeyToken=null",
        "SLZ.Algorithms, Version=1.0.0.0, Culture=neutral, PublicKeyToken=null",
        "UnityEngine.TerrainPhysicsModule, Version=0.0.0.0, Culture=neutral, PublicKeyToken=null",
        "UnityEngine.XRModule, Version=0.0.0.0, Culture=neutral, PublicKeyToken=null",
        "Unity.Addressables, Version=0.0.0.0, Culture=neutral, PublicKeyToken=null",
        "UnityEngine.UnityWebRequestTextureModule, Version=0.0.0.0, Culture=neutral, PublicKeyToken=null",
        "Unity.ResourceManager, Version=0.0.0.0, Culture=neutral, PublicKeyToken=null",
        "UniTask.Addressables, Version=0.0.0.0, Culture=neutral, PublicKeyToken=null"
      ],
      "v": "95d03482865df7c9970bf81f6b330225c42e24879c3369a384d6991a0128777e",
      "modules": null
    }
  }
}