{
  "version": 2,
  "modified": "2024-06-14 00:02:05Z",
  "active_save_game": "save_20250311.215457.save.json",
  "debug_settings": {
    "developer_mode": false
  },
  "graphics_settings": {
    "graphics_quality": "Custom",
    "adaptive_resolution": false,
    "texture_resolution": 0,
    "msaa": 4,
    "smaa": "Disabled",
    "hbao": "Disabled",
    "ssr": "Disabled",
    "shadow_cascade": 2,
    "render_scale": 120,
    "shadows": "Medium",
    "bloom": "Disabled",
    "volumetrics": "Medium",
    "LOD_Bias": 175,
    "FoveatedRenderingMode": "VRS",
    "FoveatedPreset": "Wide",
    "FoveatedOuterRadius": 45,
    "FoveatedInnerRatio": 63,
    "FoveatedSamplingAnisotropy": 60,
    "EnableFoveatedRenderingMenu": false
  },
  "spectator_settings": {
    "eye_output": "Center",
    "spectator_camera_mode": "Fisheye",
    "resolution_x": 1920,
    "resolution_y": 1080
  }
}