{
  "is_new_save_file": false,
  "player_stats": {
    "survival_round_reached": 3,
    "survival_time_reached": 610.0,
    "total_bullets_fired_from_all_maps": 0,
    "total_enemy_kills": 95,
    "total_player_deaths": 2,
    "imminent_deaths": 3,
    "imminent_death_saves": 1,
    "damage_taken": 98.0,
    "damage_dealt": 23408.0,
    "total_alive_hits": 0,
    "favorite_ranged_weapon": null,
    "challenge_points": 0,
    "is_low_enemy_count": true,
    "total_headshots": 6
  },
  "challenge_profile_list": [
    {
      "title": "challenge_01",
      "is_locked": false,
      "completed_easy": false,
      "completed_medium": false,
      "completed_hard": false
    },
    {
      "title": "challenge_02",
      "is_locked": false,
      "completed_easy": false,
      "completed_medium": false,
      "completed_hard": false
    },
    {
      "title": "challenge_03",
      "is_locked": false,
      "completed_easy": false,
      "completed_medium": false,
      "completed_hard": false
    },
    {
      "title": "challenge_04",
      "is_locked": false,
      "completed_easy": false,
      "completed_medium": false,
      "completed_hard": false
    },
    {
      "title": "challenge_05",
      "is_locked": false,
      "completed_easy": false,
      "completed_medium": false,
      "completed_hard": false
    },
    {
      "title": "challenge_06",
      "is_locked": false,
      "completed_easy": false,
      "completed_medium": false,
      "completed_hard": false
    },
    {
      "title": "challenge_07",
      "is_locked": false,
      "completed_easy": false,
      "completed_medium": false,
      "completed_hard": false
    },
    {
      "title": "challenge_08",
      "is_locked": false,
      "completed_easy": false,
      "completed_medium": false,
      "completed_hard": false
    },
    {
      "title": "challenge_09",
      "is_locked": false,
      "completed_easy": false,
      "completed_medium": false,
      "completed_hard": false
    },
    {
      "title": "challenge_10",
      "is_locked": false,
      "completed_easy": false,
      "completed_medium": false,
      "completed_hard": false
    },
    {
      "title": "trial_01",
      "is_locked": false,
      "completed_easy": false,
      "completed_medium": false,
      "completed_hard": false
    },
    {
      "title": "trial_02",
      "is_locked": false,
      "completed_easy": false,
      "completed_medium": false,
      "completed_hard": false
    },
    {
      "title": "trial_03",
      "is_locked": false,
      "completed_easy": false,
      "completed_medium": false,
      "completed_hard": false
    },
    {
      "title": "trial_04",
      "is_locked": false,
      "completed_easy": false,
      "completed_medium": false,
      "completed_hard": false
    },
    {
      "title": "trial_05",
      "is_locked": false,
      "completed_easy": false,
      "completed_medium": false,
      "completed_hard": false
    },
    {
      "title": "trial_06",
      "is_locked": false,
      "completed_easy": false,
      "completed_medium": false,
      "completed_hard": false
    },
    {
      "title": "trial_07",
      "is_locked": false,
      "completed_easy": false,
      "completed_medium": false,
      "completed_hard": false
    },
    {
      "title": "trial_08",
      "is_locked": false,
      "completed_easy": false,
      "completed_medium": false,
      "completed_hard": false
    },
    {
      "title": "trial_09",
      "is_locked": false,
      "completed_easy": false,
      "completed_medium": false,
      "completed_hard": false
    }
  ]
}